[
    {
        "name": "花q",
        "age": 12,
        "id": 1613740142506
    },
    {
        "name": "小强",
        "age": 18,
        "id": 1613740659501
    },
    {
        "name": "小q",
        "age": 18,
        "id": 1613740776517
    },
    {
        "name": "小a",
        "age": 18,
        "id": 1613740888133
    },
    {
        "name": "大福",
        "age": "12",
        "id": 1613743659013
    },
    {
        "name": "海大富",
        "age": "26",
        "id": 1613743732847
    },
    {
        "name": "海大富",
        "age": "26",
        "id": 1613743770895
    },
    {
        "name": "17633527646",
        "age": "123",
        "id": 1613743980780
    },
    {
        "name": "hua",
        "age": "23",
        "id": 1613744026267
    }
]