[
    {
        "className": "火花25",
        "name": "李华",
        "gender": "男",
        "age": "18",
        "address": "新乡"
    },
    {
        "className": "火花25",
        "name": "张梅路",
        "gender": "女",
        "age": "20",
        "address": "开封"
    },
    {
        "className": "火花26",
        "name": "张美丽",
        "gender": "男",
        "age": "20",
        "address": "北京"
    },
    {
        "className": "火花26",
        "name": "王五",
        "gender": "男",
        "age": "23",
        "address": "河北"
    },
    {
        "className": "火花24",
        "name": "洛克李",
        "gender": "男",
        "age": "50",
        "address": "火影"
    },
    {
        "className": "火花27",
        "name": "张角",
        "gender": "男",
        "age": "11",
        "address": "新疆"
    },
    {
        "className": "火花26",
        "name": "张美丽",
        "gender": "女",
        "age": "30",
        "address": "上海"
    }
]