[

    {
        "uname": "张美丽",
        "age": 10,
        "gender": "女",
        "school": "希望幼儿园",
        "grade": "小班"
    },
    {
        "uname": "张美丽",
        "age": 10,
        "gender": "女",
        "school": "希望幼儿园",
        "grade": "小班"
    },
    {
        "uname": "张美丽",
        "age": 10,
        "gender": "女",
        "school": "希望幼儿园",
        "grade": "小班"
    }, {
        "uname": "张美丽",
        "age": 10,
        "gender": "女",
        "school": "希望幼儿园",
        "grade": "小班"
    }

]