[
    {
        "uname": "15517786902",
        "pwd": "1223123",
        "tel": "15517786902"
    },
    {
        "uname": "15517786902",
        "pwd": "1223123",
        "tel": "15517786902"
    },
    {
        "uname": "15517786902",
        "pwd": "asasas",
        "tel": "15517786902"
    },
    {
        "uname": "15517786902",
        "pwd": "asasas",
        "tel": "15517786902"
    },
    {
        "uname": "15517786902",
        "pwd": "",
        "tel": "15517786902"
    },
    {
        "uname": "15517786902",
        "pwd": "",
        "tel": "15517786902"
    },
    {
        "uname": "是谁给你的写的",
        "pwd": "sdasdasd",
        "tel": "1201110"
    }
]