[{
        "name": "小南",
        "age": 12,
        "id": 1613740142506
    },
    {
        "name": "小北",
        "age": 18,
        "id": 1613740659501
    },
    {
        "name": "小东",
        "age": 18,
        "id": 1613740776517
    },
    {
        "name": "小西",
        "age": 18,
        "id": 1613740888133
    },
    {
        "name": "小冯",
        "age": "12",
        "id": 1613743659013
    },
    {
        "name": "小明",
        "age": "26",
        "id": 1613743732847
    },
    {
        "name": "席老板",
        "age": "26",
        "id": 1613743770895
    },
    {
        "name": "小安",
        "age": "20",
        "id": 1613743980780
    },
    {
        "name": "阿亮",
        "age": "23",
        "id": 1613744026267
    }
]